{
  "EARTH_ALTITUDE": 160.0,
  "LUNAR_ALTITUDE": 100.0,
  "ORBITAL_TOLERANCE": 10,
  "h_DEFAULT": 1e-06,
  "h_MIN": 1e-10,
  "STEP_ERROR_TOLERANCE": 1e-09,
  "k": 0.012153601852294929,
  "LUNAR_POSITION_X": 0.987846398147705,
  "EARTH_POSITION_X": -0.012153601852294929,
  "L1_POSITION_X": 0.8405854649886768,
  "LEO_RADIUS": 6527.4447,
  "LLO_RADIUS": 1837.1,
  "LEO_VELOCITY": 7.8141800786375315,
  "LLO_VELOCITY": 1.6337906619944857,
  "UNIT_LENGTH": 384400.0,
  "UNIT_TIME": 4.348431355156764,
  "UNIT_VELOCITY": 1.0231446033517257,
  "LEO_RADIUS_NONDIM": 0.016980865504682623,
  "LEO_VELOCITY_NONDIM": 7.6374151347121515
}