{
  "EARTH_ALTITUDE": 160.0,
  "LUNAR_ALTITUDE": 100.0,
  "ORBITAL_TOLERANCE": 10,
  "h_DEFAULT": 1e-06,
  "h_MIN": 1e-10,
  "STEP_ERROR_TOLERANCE": 1e-09,
  "LEO_RADIUS": 6527.4447,
  "LLO_RADIUS": 1837.1,
  "LEO_VELOCITY": 7.8141800786375315,
  "LLO_VELOCITY": 1.6337906619944857,
  "UNIT_LENGTH": 149597887.0,
  "UNIT_TIME": 31558149.0,
  "UNIT_VELOCITY": 4.7403885,
  "UNIT_VELOCITY2": 5.486560778526532e-05,
  "LEO_RADIUS_NONDIM": 4.3633268028712195e-05,
  "LEO_VELOCITY_NONDIM": 1.6484260896839007
}