{
  "EARTH_ALTITUDE": 160.0,
  "LUNAR_ALTITUDE": 100.0,
  "ORBITAL_TOLERANCE": 10,
  "h_DEFAULT": 1e-06,
  "h_MIN": 1e-10,
  "STEP_ERROR_TOLERANCE": 1e-09,
  "UNIT_LENGTH": 149597887.0,
  "UNIT_TIME": 31558149.0,
  "UNIT_VELOCITY": 4.7403885,
  "UNIT_VELOCITY2": 5.486560778526532e-05,
  "LEO_RADIUS": 6527.4447,
  "LEO_VELOCITY": 0.00024710607095208256,
  "LLO_RADIUS": 1837.1,
  "LLO_VELOCITY": 5.16649971181687e-05,
  "SUN_R": 0,
  "SUN_THETA": 0.7853981633974483,
  "SUN_PHI": 0,
  "LEO_RADIUS_NONDIM": 4.3633268028712195e-05,
  "LEO_VELOCITY_NONDIM": 5.2127809978461165e-05,
  "SUN_ETA": 39.47606505897807,
  "EARTH_ETA": 0.00011856505265635424,
  "MARS_ETA": 1.2739423021567622e-05
}