{
  "EARTH_ALTITUDE": 160.0,
  "LUNAR_ALTITUDE": 100.0,
  "ORBITAL_TOLERANCE": 10,
  "h_DEFAULT": 1e-06,
  "h_MIN": 1e-10,
  "STEP_ERROR_TOLERANCE": 1e-09,
  "UNIT_LENGTH": 149597887.14676577,
  "UNIT_TIME": 31558149.10224,
  "UNIT_VELOCITY": 4.7403885,
  "UNIT_VELOCITY2": 5.4865607661342276e-05,
  "LEO_RADIUS": 6538.1,
  "LEO_VELOCITY": 7.807950391158399,
  "LLO_RADIUS": 1837.1,
  "LLO_VELOCITY": 1.633820038353055,
  "SUN_R": 0,
  "SUN_THETA": 45,
  "SUN_PHI": 0,
  "LEO_RADIUS_NONDIM": 4.370449425923828e-05,
  "LEO_VELOCITY_NONDIM": 1.647111917337239,
  "SUN_ETA": 39.47748480942167,
  "EARTH_ETA": 0.00011856931682974265,
  "MARS_ETA": 1.2739881192904076e-05
}