{
  "EARTH_ALTITUDE": 160.0,
  "LUNAR_ALTITUDE": 100.0,
  "ORBITAL_TOLERANCE": 10,
  "h_default": 1e-06,
  "h_min": 1e-10,
  "tol": 1e-06,
  "earth_moon_distance": 384400.0,
  "lunar_orbit_duration": 27.322,
  "earth_radius": 6367.4447,
  "earth_mass": 5.9721986e+24,
  "lunar_radius": 1737.1,
  "lunar_mass": 7.34767309e+22,
  "G": 6.67384e-11,
  "day": 86400.0,
  "k": 0.012153601852294929,
  "lunar_position_x": 0.987846398147705,
  "earth_position_x": -0.012153601852294929,
  "L1_position_x": 0.8405854649886768,
  "leo_radius": 6527.4447,
  "llo_radius": 1837.1,
  "leo_velocity": 7.8141800786375315,
  "llo_velocity": 1.6337906619944857,
  "unit_length": 384400.0,
  "unit_time": 4.348431355156764,
  "unit_velocity": 1.0231446033517257,
  "leo_radius_nondim": 0.016980865504682623,
  "leo_velocity_nondim": 7.6374151347121515
}