{
  "G": 6.67408e-20,
  "DAY": 86400.0,
  "a_EARTH": 149597887.14676577,
  "T_EARTH": 31558149.10224,
  "SUN_MASS": 1.988435e+30,
  "EARTH_RADIUS": 6378.1,
  "EARTH_MASS": 5.9721986e+24,
  "LUNAR_RADIUS": 1737.1,
  "LUNAR_MASS": 7.34767309e+22,
  "EARTH_MOON_DISTANCE": 384400.0,
  "LUNAR_ORBIT_DURATION": 27.322,
  "MARS_RADIUS": 3396.2,
  "MARS_MASS": 6.41693e+23,
  "SUN_MU": 132709742648.00002,
  "EARTH_MU": 398589.31232288,
  "MARS_MU": 42827.1041744
}