{
  "G": 6.67384e-20,
  "DAY": 86400.0,
  "a_EARTH": 149597887.0,
  "T_EARTH": 31558149.0,
  "SUN_MASS": 1.988435e+30,
  "EARTH_RADIUS": 6367.4447,
  "EARTH_MASS": 5.9721986e+24,
  "LUNAR_RADIUS": 1737.1,
  "LUNAR_MASS": 7.34767309e+22,
  "EARTH_MOON_DISTANCE": 384400.0,
  "LUNAR_ORBIT_DURATION": 27.322,
  "MARS_RADIUS": 3389.5,
  "MARS_MASS": 6.41693e+23,
  "MU_SUN": 132704970404.0,
  "MU_EARTH": 398574.97904624,
  "MU_MARS": 42825.5641112
}