{
  "EARTH_RADIUS": 6367.4447,
  "EARTH_MASS": 5.9721986e+24,
  "LUNAR_RADIUS": 1737.1,
  "LUNAR_MASS": 7.34767309e+22,
  "EARTH_MOON_DISTANCE": 384400.0,
  "LUNAR_ORBIT_DURATION": 27.322,
  "a_EARTH": 149597887.0,
  "T_EARTH": 31558149.0,
  "G": 6.67384e-11,
  "DAY": 86400.0
}